"district","type","children5_17","percent","race_ethnicity"
"A.C.E. Academy","charter",313,0.739952718676123,"black"
"A.C.E. Academy","charter",26,0.0614657210401891,"white"
"A.C.E. Academy","charter",4,0.00945626477541371,"asian"
"A.C.E. Academy","charter",80,0.189125295508274,"other"
"Alamance-Burlington
Schools","public",5125,0.225790818574324,"black"
"Alamance-Burlington
Schools","public",10088,0.444444444444444,"white"
"Alamance-Burlington
Schools","public",348,0.0153317472905102,"asian"
"Alamance-Burlington
Schools","public",7137,0.314432989690722,"other"
"Alexander County Schools","public",192,0.0393039918116684,"black"
"Alexander County Schools","public",3914,0.801228249744115,"white"
"Alexander County Schools","public",76,0.0155578300921187,"asian"
"Alexander County Schools","public",703,0.143909928352098,"other"
"Alleghany County Schools","public",10,0.00750187546886722,"black"
"Alleghany County Schools","public",971,0.728432108027007,"white"
"Alleghany County Schools","public",5,0.00375093773443361,"asian"
"Alleghany County Schools","public",347,0.260315078769692,"other"
"Alpha Academy","charter",552,0.647127784290739,"black"
"Alpha Academy","charter",121,0.141852286049238,"white"
"Alpha Academy","charter",5,0.00586166471277843,"asian"
"Alpha Academy","charter",175,0.205158264947245,"other"
"American Renaissance School","charter",53,0.0968921389396709,"black"
"American Renaissance School","charter",409,0.747714808043876,"white"
"American Renaissance School","charter",7,0.0127970749542962,"asian"
"American Renaissance School","charter",78,0.142595978062157,"other"
"Anderson Creek Club Charter School","charter",25,0.102040816326531,"black"
"Anderson Creek Club Charter School","charter",160,0.653061224489796,"white"
"Anderson Creek Club Charter School","charter",3,0.0122448979591837,"asian"
"Anderson Creek Club Charter School","charter",57,0.23265306122449,"other"
"Anson County Schools","public",1891,0.564309161444345,"black"
"Anson County Schools","public",1105,0.329752312742465,"white"
"Anson County Schools","public",62,0.0185019397194867,"asian"
"Anson County Schools","public",293,0.0874365860937034,"other"
"Arapahoe Charter School","charter",51,0.0901060070671378,"black"
"Arapahoe Charter School","charter",409,0.722614840989399,"white"
"Arapahoe Charter School","charter",0,0,"asian"
"Arapahoe Charter School","charter",106,0.187279151943463,"other"
"Aristotle Preparatory Academy","charter",111,0.895161290322581,"black"
"Aristotle Preparatory Academy","charter",1,0.00806451612903226,"white"
"Aristotle Preparatory Academy","charter",0,0,"asian"
"Aristotle Preparatory Academy","charter",12,0.0967741935483871,"other"
"ArtSpace Charter","charter",5,0.0124688279301746,"black"
"ArtSpace Charter","charter",339,0.845386533665835,"white"
"ArtSpace Charter","charter",3,0.00748129675810474,"asian"
"ArtSpace Charter","charter",54,0.134663341645885,"other"
"Arts Based School","charter",99,0.191119691119691,"black"
"Arts Based School","charter",357,0.689189189189189,"white"
"Arts Based School","charter",6,0.0115830115830116,"asian"
"Arts Based School","charter",56,0.108108108108108,"other"
"Ashe County Schools","public",18,0.00603621730382294,"black"
"Ashe County Schools","public",2559,0.858148893360161,"white"
"Ashe County Schools","public",17,0.005700871898055,"asian"
"Ashe County Schools","public",388,0.130114017437961,"other"
"Asheboro City Schools","public",627,0.136067708333333,"black"
"Asheboro City Schools","public",1518,0.329427083333333,"white"
"Asheboro City Schools","public",84,0.0182291666666667,"asian"
"Asheboro City Schools","public",2379,0.516276041666667,"other"
"Asheville City Schools","public",899,0.203347658900701,"black"
"Asheville City Schools","public",2790,0.631078941415969,"white"
"Asheville City Schools","public",47,0.010631078941416,"asian"
"Asheville City Schools","public",685,0.154942320741914,"other"
"Avery County Schools","public",6,0.00304878048780488,"black"
"Avery County Schools","public",1672,0.849593495934959,"white"
"Avery County Schools","public",18,0.00914634146341463,"asian"
"Avery County Schools","public",272,0.138211382113821,"other"
"Bear Grass Charter School","charter",5,0.0122850122850123,"black"
"Bear Grass Charter School","charter",387,0.950859950859951,"white"
"Bear Grass Charter School","charter",1,0.00245700245700246,"asian"
"Bear Grass Charter School","charter",14,0.0343980343980344,"other"
"Beaufort County Schools","public",2124,0.322159866525102,"black"
"Beaufort County Schools","public",3073,0.466100409525254,"white"
"Beaufort County Schools","public",17,0.00257849234036099,"asian"
"Beaufort County Schools","public",1379,0.209161231609283,"other"
"Bertie County Schools","public",1765,0.807410795974382,"black"
"Bertie County Schools","public",310,0.141811527904849,"white"
"Bertie County Schools","public",9,0.00411710887465691,"asian"
"Bertie County Schools","public",102,0.0466605672461116,"other"
"Bethany Community Middle","charter",31,0.0853994490358127,"black"
"Bethany Community Middle","charter",297,0.818181818181818,"white"
"Bethany Community Middle","charter",2,0.00550964187327824,"asian"
"Bethany Community Middle","charter",33,0.0909090909090909,"other"
"Bethel Hill Charter School","charter",46,0.115,"black"
"Bethel Hill Charter School","charter",298,0.745,"white"
"Bethel Hill Charter School","charter",1,0.0025,"asian"
"Bethel Hill Charter School","charter",55,0.1375,"other"
"Bladen County Schools","public",1586,0.370647347511101,"black"
"Bladen County Schools","public",1586,0.370647347511101,"white"
"Bladen County Schools","public",6,0.00140219677494742,"asian"
"Bladen County Schools","public",1101,0.257303108202851,"other"
"Bradford Preparatory School","charter",255,0.224669603524229,"black"
"Bradford Preparatory School","charter",669,0.58942731277533,"white"
"Bradford Preparatory School","charter",44,0.0387665198237885,"asian"
"Bradford Preparatory School","charter",167,0.147136563876652,"other"
"Brevard Academy","charter",8,0.02088772845953,"black"
"Brevard Academy","charter",340,0.887728459530026,"white"
"Brevard Academy","charter",3,0.00783289817232376,"asian"
"Brevard Academy","charter",32,0.0835509138381201,"other"
"Bridges Academy","charter",15,0.0824175824175824,"black"
"Bridges Academy","charter",158,0.868131868131868,"white"
"Bridges Academy","charter",1,0.00549450549450549,"asian"
"Bridges Academy","charter",8,0.043956043956044,"other"
"Brunswick County Schools","public",1890,0.150274310248867,"black"
"Brunswick County Schools","public",8211,0.652858392303411,"white"
"Brunswick County Schools","public",86,0.00683787866740876,"asian"
"Brunswick County Schools","public",2390,0.190029418780313,"other"
"Buncombe County Schools","public",1620,0.0674073149419548,"black"
"Buncombe County Schools","public",16837,0.700578371405983,"white"
"Buncombe County Schools","public",300,0.012482836100362,"asian"
"Buncombe County Schools","public",5276,0.2195314775517,"other"
"Burke County Schools","public",598,0.049319587628866,"black"
"Burke County Schools","public",8259,0.681154639175258,"white"
"Burke County Schools","public",754,0.0621855670103093,"asian"
"Burke County Schools","public",2514,0.207340206185567,"other"
"CIS Academy","charter",0,0,"black"
"CIS Academy","charter",1,0.00862068965517241,"white"
"CIS Academy","charter",0,0,"asian"
"CIS Academy","charter",115,0.991379310344828,"other"
"Cabarrus Charter Academy","charter",334,0.347916666666667,"black"
"Cabarrus Charter Academy","charter",365,0.380208333333333,"white"
"Cabarrus Charter Academy","charter",59,0.0614583333333333,"asian"
"Cabarrus Charter Academy","charter",202,0.210416666666667,"other"
"Cabarrus County Schools","public",6629,0.204119965512994,"black"
"Cabarrus County Schools","public",17276,0.531962064293632,"white"
"Cabarrus County Schools","public",1523,0.0468961694789999,"asian"
"Cabarrus County Schools","public",7048,0.217021800714374,"other"
"Caldwell County Schools","public",612,0.0528497409326425,"black"
"Caldwell County Schools","public",9096,0.785492227979275,"white"
"Caldwell County Schools","public",73,0.00630397236614853,"asian"
"Caldwell County Schools","public",1799,0.155354058721934,"other"
"Camden County Schools","public",182,0.100054975261132,"black"
"Camden County Schools","public",1450,0.79714128642111,"white"
"Camden County Schools","public",17,0.00934579439252336,"asian"
"Camden County Schools","public",170,0.0934579439252336,"other"
"Cape Fear Center for Inquiry","charter",17,0.0417690417690418,"black"
"Cape Fear Center for Inquiry","charter",352,0.864864864864865,"white"
"Cape Fear Center for Inquiry","charter",2,0.00491400491400491,"asian"
"Cape Fear Center for Inquiry","charter",36,0.0884520884520884,"other"
"Cardinal Charter","charter",136,0.139344262295082,"black"
"Cardinal Charter","charter",451,0.462090163934426,"white"
"Cardinal Charter","charter",136,0.139344262295082,"asian"
"Cardinal Charter","charter",253,0.25922131147541,"other"
"Carolina International School","charter",257,0.28056768558952,"black"
"Carolina International School","charter",364,0.397379912663755,"white"
"Carolina International School","charter",74,0.0807860262008734,"asian"
"Carolina International School","charter",221,0.241266375545852,"other"
"Carter Community Charter","charter",220,0.859375,"black"
"Carter Community Charter","charter",2,0.0078125,"white"
"Carter Community Charter","charter",1,0.00390625,"asian"
"Carter Community Charter","charter",33,0.12890625,"other"
"Carter G Woodson School","charter",173,0.407058823529412,"black"
"Carter G Woodson School","charter",0,0,"white"
"Carter G Woodson School","charter",0,0,"asian"
"Carter G Woodson School","charter",252,0.592941176470588,"other"
"Carteret County Schools","public",497,0.0599372889532079,"black"
"Carteret County Schools","public",6387,0.770260492040521,"white"
"Carteret County Schools","public",94,0.0113362276893391,"asian"
"Carteret County Schools","public",1314,0.158465991316932,"other"
"Casa Esperanza Montessori","charter",95,0.190763052208835,"black"
"Casa Esperanza Montessori","charter",184,0.369477911646586,"white"
"Casa Esperanza Montessori","charter",28,0.0562248995983936,"asian"
"Casa Esperanza Montessori","charter",191,0.383534136546185,"other"
"Caswell County Schools","public",948,0.362801377726751,"black"
"Caswell County Schools","public",1337,0.511672407194795,"white"
"Caswell County Schools","public",7,0.00267891312667432,"asian"
"Caswell County Schools","public",321,0.12284730195178,"other"
"Catamount School","charter",1,0.0175438596491228,"black"
"Catamount School","charter",50,0.87719298245614,"white"
"Catamount School","charter",1,0.0175438596491228,"asian"
"Catamount School","charter",5,0.087719298245614,"other"
"Catawba County Schools","public",867,0.0535813608553241,"black"
"Catawba County Schools","public",10784,0.666460663741425,"white"
"Catawba County Schools","public",1087,0.0671775539212657,"asian"
"Catawba County Schools","public",3443,0.212780421481985,"other"
"Central Park School For
Children","charter",151,0.254208754208754,"black"
"Central Park School For
Children","charter",312,0.525252525252525,"white"
"Central Park School For
Children","charter",14,0.0235690235690236,"asian"
"Central Park School For
Children","charter",117,0.196969696969697,"other"
"Central Wake Charter High School","charter",123,0.694915254237288,"black"
"Central Wake Charter High School","charter",10,0.0564971751412429,"white"
"Central Wake Charter High School","charter",0,0,"asian"
"Central Wake Charter High School","charter",44,0.248587570621469,"other"
"Chapel-Hill/Carrboro City","public",1372,0.111826554731437,"black"
"Chapel-Hill/Carrboro City","public",6288,0.512511207107344,"white"
"Chapel-Hill/Carrboro City","public",1765,0.143858505175646,"asian"
"Chapel-Hill/Carrboro City","public",2844,0.231803732985573,"other"
"Charlotte Choice Charter","charter",156,0.757281553398058,"black"
"Charlotte Choice Charter","charter",2,0.00970873786407767,"white"
"Charlotte Choice Charter","charter",0,0,"asian"
"Charlotte Choice Charter","charter",48,0.233009708737864,"other"
"Charlotte Lab School","charter",101,0.189138576779026,"black"
"Charlotte Lab School","charter",320,0.599250936329588,"white"
"Charlotte Lab School","charter",9,0.0168539325842697,"asian"
"Charlotte Lab School","charter",104,0.194756554307116,"other"
"Charlotte Learning Academy","charter",237,0.861818181818182,"black"
"Charlotte Learning Academy","charter",3,0.0109090909090909,"white"
"Charlotte Learning Academy","charter",0,0,"asian"
"Charlotte Learning Academy","charter",35,0.127272727272727,"other"
"Charlotte Secondary School","charter",170,0.453333333333333,"black"
"Charlotte Secondary School","charter",89,0.237333333333333,"white"
"Charlotte Secondary School","charter",3,0.008,"asian"
"Charlotte Secondary School","charter",113,0.301333333333333,"other"
"Charlotte-Mecklenburg County Schools","public",56204,0.381408668625601,"black"
"Charlotte-Mecklenburg County Schools","public",41315,0.280369709349276,"white"
"Charlotte-Mecklenburg County Schools","public",9761,0.0662395917453294,"asian"
"Charlotte-Mecklenburg County Schools","public",40079,0.271982030279793,"other"
"Charter Day School","charter",89,0.0934873949579832,"black"
"Charter Day School","charter",721,0.757352941176471,"white"
"Charter Day School","charter",12,0.0126050420168067,"asian"
"Charter Day School","charter",130,0.136554621848739,"other"
"Chatham Charter","charter",57,0.102333931777379,"black"
"Chatham Charter","charter",442,0.793536804308797,"white"
"Chatham Charter","charter",2,0.00359066427289048,"asian"
"Chatham Charter","charter",56,0.100538599640934,"other"
"Chatham County Schools","public",1010,0.115204745066727,"black"
"Chatham County Schools","public",4478,0.510779057830501,"white"
"Chatham County Schools","public",104,0.0118626668187521,"asian"
"Chatham County Schools","public",3175,0.36215353028402,"other"
"Cherokee County Schools","public",60,0.0185873605947955,"black"
"Cherokee County Schools","public",2769,0.857806691449814,"white"
"Cherokee County Schools","public",20,0.00619578686493185,"asian"
"Cherokee County Schools","public",379,0.117410161090458,"other"
"Children's Village Academy","charter",181,0.957671957671958,"black"
"Children's Village Academy","charter",0,0,"white"
"Children's Village Academy","charter",0,0,"asian"
"Children's Village Academy","charter",8,0.0423280423280423,"other"
"Clay County Schools","public",11,0.00857365549493375,"black"
"Clay County Schools","public",1131,0.881527669524552,"white"
"Clay County Schools","public",4,0.00311769290724864,"asian"
"Clay County Schools","public",137,0.106780982073266,"other"
"Cleveland County Schools","public",3962,0.271723475756121,"black"
"Cleveland County Schools","public",8791,0.602907893834442,"white"
"Cleveland County Schools","public",115,0.00788697620190659,"asian"
"Cleveland County Schools","public",1713,0.11748165420753,"other"
"Clinton City Schools","public",1121,0.373666666666667,"black"
"Clinton City Schools","public",767,0.255666666666667,"white"
"Clinton City Schools","public",24,0.008,"asian"
"Clinton City Schools","public",1088,0.362666666666667,"other"
"Clover Garden","charter",32,0.0487804878048781,"black"
"Clover Garden","charter",572,0.871951219512195,"white"
"Clover Garden","charter",1,0.00152439024390244,"asian"
"Clover Garden","charter",51,0.0777439024390244,"other"
"Coastal Preparatory Academy","charter",7,0.0136986301369863,"black"
"Coastal Preparatory Academy","charter",445,0.870841487279843,"white"
"Coastal Preparatory Academy","charter",9,0.0176125244618395,"asian"
"Coastal Preparatory Academy","charter",50,0.0978473581213307,"other"
"Columbus Charter School","charter",179,0.235526315789474,"black"
"Columbus Charter School","charter",482,0.634210526315789,"white"
"Columbus Charter School","charter",7,0.00921052631578947,"asian"
"Columbus Charter School","charter",92,0.121052631578947,"other"
"Columbus County Schools","public",1683,0.297612732095491,"black"
"Columbus County Schools","public",2943,0.520424403183024,"white"
"Columbus County Schools","public",5,0.000884173297966401,"asian"
"Columbus County Schools","public",1024,0.181078691423519,"other"
"Commonwealth High School","charter",162,0.630350194552529,"black"
"Commonwealth High School","charter",12,0.0466926070038911,"white"
"Commonwealth High School","charter",3,0.0116731517509728,"asian"
"Commonwealth High School","charter",80,0.311284046692607,"other"
"Community School of Davidson","charter",57,0.0417276720351391,"black"
"Community School of Davidson","charter",1161,0.849926793557833,"white"
"Community School of Davidson","charter",36,0.0263543191800878,"asian"
"Community School of Davidson","charter",112,0.08199121522694,"other"
"Cornerstone Charter Academy","charter",111,0.103641456582633,"black"
"Cornerstone Charter Academy","charter",813,0.759103641456583,"white"
"Cornerstone Charter Academy","charter",31,0.0289449112978525,"asian"
"Cornerstone Charter Academy","charter",116,0.108309990662932,"other"
"Corvian Community School","charter",89,0.107878787878788,"black"
"Corvian Community School","charter",603,0.730909090909091,"white"
"Corvian Community School","charter",50,0.0606060606060606,"asian"
"Corvian Community School","charter",83,0.100606060606061,"other"
"Craven County Schools","public",3858,0.278878126355356,"black"
"Craven County Schools","public",7019,0.507373138643921,"white"
"Craven County Schools","public",611,0.044166546190545,"asian"
"Craven County Schools","public",2346,0.169582188810178,"other"
"Crosscreek Charter School","charter",26,0.118181818181818,"black"
"Crosscreek Charter School","charter",171,0.777272727272727,"white"
"Crosscreek Charter School","charter",0,0,"asian"
"Crosscreek Charter School","charter",23,0.104545454545455,"other"
"Cumberland County Schools","public",22578,0.450946712471039,"black"
"Cumberland County Schools","public",14555,0.290704641687305,"white"
"Cumberland County Schools","public",932,0.0186146840297196,"asian"
"Cumberland County Schools","public",12003,0.239733961811936,"other"
"Currituck County Schools","public",188,0.0468010953447847,"black"
"Currituck County Schools","public",3229,0.803833706746328,"white"
"Currituck County Schools","public",17,0.00423201394075181,"asian"
"Currituck County Schools","public",583,0.145133183968135,"other"
"Dare County Schools","public",112,0.0217433508056688,"black"
"Dare County Schools","public",3918,0.760629004076878,"white"
"Dare County Schools","public",41,0.0079596194913609,"asian"
"Dare County Schools","public",1080,0.209668025626092,"other"
"Davidson County Schools","public",696,0.0364607889360365,"black"
"Davidson County Schools","public",15766,0.825920687306826,"white"
"Davidson County Schools","public",224,0.0117345067840117,"asian"
"Davidson County Schools","public",2403,0.125884016973126,"other"
"Davie County Schools","public",405,0.06591796875,"black"
"Davie County Schools","public",4510,0.734049479166667,"white"
"Davie County Schools","public",47,0.00764973958333333,"asian"
"Davie County Schools","public",1182,0.1923828125,"other"
"Dillard Academy","charter",250,0.909090909090909,"black"
"Dillard Academy","charter",13,0.0472727272727273,"white"
"Dillard Academy","charter",1,0.00363636363636364,"asian"
"Dillard Academy","charter",11,0.04,"other"
"Douglass Academy","charter",157,0.877094972067039,"black"
"Douglass Academy","charter",3,0.0167597765363128,"white"
"Douglass Academy","charter",0,0,"asian"
"Douglass Academy","charter",19,0.106145251396648,"other"
"Duplin County Schools","public",2156,0.223790741125182,"black"
"Duplin County Schools","public",3193,0.331430350840772,"white"
"Duplin County Schools","public",32,0.00332156944156114,"asian"
"Duplin County Schools","public",4253,0.441457338592485,"other"
"Durham County Schools","public",14804,0.447629414610547,"black"
"Durham County Schools","public",6226,0.188255926463474,"white"
"Durham County Schools","public",744,0.0224963715529753,"asian"
"Durham County Schools","public",11298,0.341618287373004,"other"
"East Carolina Laboratory School","charter",69,0.958333333333333,"black"
"East Carolina Laboratory School","charter",2,0.0277777777777778,"white"
"East Carolina Laboratory School","charter",0,0,"asian"
"East Carolina Laboratory School","charter",1,0.0138888888888889,"other"
"East Wake Academy","charter",93,0.0792163543441227,"black"
"East Wake Academy","charter",952,0.810902896081772,"white"
"East Wake Academy","charter",7,0.00596252129471891,"asian"
"East Wake Academy","charter",122,0.103918228279387,"other"
"Edenton-Chowan County Schools","public",887,0.45116988809766,"black"
"Edenton-Chowan County Schools","public",872,0.44354018311292,"white"
"Edenton-Chowan County Schools","public",6,0.00305188199389624,"asian"
"Edenton-Chowan County Schools","public",201,0.102238046795524,"other"
"Edgecombe County Schools","public",3313,0.560765064319567,"black"
"Edgecombe County Schools","public",1800,0.30467163168585,"white"
"Edgecombe County Schools","public",8,0.001354096140826,"asian"
"Edgecombe County Schools","public",787,0.133209207853758,"other"
"Elkin City Schools","public",44,0.0375747224594364,"black"
"Elkin City Schools","public",832,0.710503842869342,"white"
"Elkin City Schools","public",10,0.0085397096498719,"asian"
"Elkin City Schools","public",285,0.243381725021349,"other"
"Emereau: Bladen","charter",68,0.219354838709677,"black"
"Emereau: Bladen","charter",216,0.696774193548387,"white"
"Emereau: Bladen","charter",1,0.0032258064516129,"asian"
"Emereau: Bladen","charter",25,0.0806451612903226,"other"
"Endeavor Charter","charter",26,0.050880626223092,"black"
"Endeavor Charter","charter",427,0.835616438356164,"white"
"Endeavor Charter","charter",22,0.0430528375733855,"asian"
"Endeavor Charter","charter",36,0.0704500978473581,"other"
"Envision Science Academy","charter",116,0.173652694610778,"black"
"Envision Science Academy","charter",443,0.663173652694611,"white"
"Envision Science Academy","charter",20,0.029940119760479,"asian"
"Envision Science Academy","charter",89,0.133233532934132,"other"
"Evergreen Community Charter","charter",6,0.0136054421768707,"black"
"Evergreen Community Charter","charter",399,0.904761904761905,"white"
"Evergreen Community Charter","charter",0,0,"asian"
"Evergreen Community Charter","charter",36,0.0816326530612245,"other"
"Excelsior Classical Academy","charter",115,0.240585774058577,"black"
"Excelsior Classical Academy","charter",266,0.556485355648536,"white"
"Excelsior Classical Academy","charter",8,0.0167364016736402,"asian"
"Excelsior Classical Academy","charter",89,0.186192468619247,"other"
"Falls Lake Academy","charter",103,0.107853403141361,"black"
"Falls Lake Academy","charter",726,0.76020942408377,"white"
"Falls Lake Academy","charter",7,0.00732984293193717,"asian"
"Falls Lake Academy","charter",119,0.124607329842932,"other"
"FernLeaf Community Charter School","charter",5,0.0222222222222222,"black"
"FernLeaf Community Charter School","charter",191,0.848888888888889,"white"
"FernLeaf Community Charter School","charter",4,0.0177777777777778,"asian"
"FernLeaf Community Charter School","charter",25,0.111111111111111,"other"
"Flemington Academy","charter",21,0.214285714285714,"black"
"Flemington Academy","charter",56,0.571428571428571,"white"
"Flemington Academy","charter",0,0,"asian"
"Flemington Academy","charter",21,0.214285714285714,"other"
"Forsyth Academy","charter",319,0.443671766342142,"black"
"Forsyth Academy","charter",76,0.105702364394993,"white"
"Forsyth Academy","charter",4,0.00556328233657858,"asian"
"Forsyth Academy","charter",320,0.445062586926287,"other"
"Forsyth County Schools","public",15638,0.286777920410783,"black"
"Forsyth County Schools","public",20778,0.381037960755547,"white"
"Forsyth County Schools","public",1407,0.0258023106546855,"asian"
"Forsyth County Schools","public",16707,0.306381808178984,"other"
"Francine Delany New School","charter",47,0.265536723163842,"black"
"Francine Delany New School","charter",92,0.519774011299435,"white"
"Francine Delany New School","charter",6,0.0338983050847458,"asian"
"Francine Delany New School","charter",32,0.180790960451977,"other"
"Franklin Academy","charter",77,0.0469798657718121,"black"
"Franklin Academy","charter",1373,0.837705918242831,"white"
"Franklin Academy","charter",52,0.0317266625991458,"asian"
"Franklin Academy","charter",137,0.0835875533862111,"other"
"Franklin County Schools","public",2501,0.305970149253731,"black"
"Franklin County Schools","public",3672,0.449229263518473,"white"
"Franklin County Schools","public",51,0.00623929532664546,"asian"
"Franklin County Schools","public",1950,0.23856129190115,"other"
"Gaston College Preparatory","charter",957,0.774271844660194,"black"
"Gaston College Preparatory","charter",149,0.120550161812298,"white"
"Gaston College Preparatory","charter",17,0.0137540453074434,"asian"
"Gaston College Preparatory","charter",113,0.0914239482200647,"other"
"Gaston County Schools","public",7018,0.222229259024699,"black"
"Gaston County Schools","public",18368,0.581633945535149,"white"
"Gaston County Schools","public",466,0.0147561747941735,"asian"
"Gaston County Schools","public",5728,0.181380620645978,"other"
"Gate City Charter Academy","charter",435,0.732323232323232,"black"
"Gate City Charter Academy","charter",55,0.0925925925925926,"white"
"Gate City Charter Academy","charter",6,0.0101010101010101,"asian"
"Gate City Charter Academy","charter",98,0.164983164983165,"other"
"Gates County Schools","public",508,0.307692307692308,"black"
"Gates County Schools","public",1020,0.617807389460933,"white"
"Gates County Schools","public",4,0.00242277407631738,"asian"
"Gates County Schools","public",119,0.0720775287704422,"other"
"Girls Leadership Academy of Wilmington","charter",102,0.51,"black"
"Girls Leadership Academy of Wilmington","charter",64,0.32,"white"
"Girls Leadership Academy of Wilmington","charter",1,0.005,"asian"
"Girls Leadership Academy of Wilmington","charter",33,0.165,"other"
"Global Scholars Academy","charter",125,0.58411214953271,"black"
"Global Scholars Academy","charter",0,0,"white"
"Global Scholars Academy","charter",0,0,"asian"
"Global Scholars Academy","charter",89,0.41588785046729,"other"
"Graham County Schools","public",3,0.0026246719160105,"black"
"Graham County Schools","public",888,0.776902887139108,"white"
"Graham County Schools","public",5,0.00437445319335083,"asian"
"Graham County Schools","public",247,0.216097987751531,"other"
"Grandfather Academy","charter",1,0.0454545454545455,"black"
"Grandfather Academy","charter",16,0.727272727272727,"white"
"Grandfather Academy","charter",0,0,"asian"
"Grandfather Academy","charter",5,0.227272727272727,"other"
"Granville County Schools","public",2574,0.343474779823859,"black"
"Granville County Schools","public",3230,0.431011475847345,"white"
"Granville County Schools","public",47,0.00627168401387777,"asian"
"Granville County Schools","public",1643,0.219242060314919,"other"
"Gray Stone Day School","charter",21,0.0251196172248804,"black"
"Gray Stone Day School","charter",719,0.860047846889952,"white"
"Gray Stone Day School","charter",37,0.0442583732057416,"asian"
"Gray Stone Day School","charter",59,0.0705741626794258,"other"
"Greene County Schools","public",1118,0.364525595044017,"black"
"Greene County Schools","public",926,0.301923703945223,"white"
"Greene County Schools","public",5,0.00163025758069775,"asian"
"Greene County Schools","public",1018,0.331920443430062,"other"
"Greensboro Academy","charter",77,0.101851851851852,"black"
"Greensboro Academy","charter",533,0.705026455026455,"white"
"Greensboro Academy","charter",91,0.12037037037037,"asian"
"Greensboro Academy","charter",55,0.0727513227513227,"other"
"Guilford County Schools","public",29128,0.40612364407016,"black"
"Guilford County Schools","public",23321,0.325158249909372,"white"
"Guilford County Schools","public",4615,0.0643456679958729,"asian"
"Guilford County Schools","public",14658,0.204372438024595,"other"
"Guilford Preparatory Academy","charter",229,0.901574803149606,"black"
"Guilford Preparatory Academy","charter",4,0.015748031496063,"white"
"Guilford Preparatory Academy","charter",0,0,"asian"
"Guilford Preparatory Academy","charter",21,0.0826771653543307,"other"
"Halifax County Schools","public",2064,0.831252517116391,"black"
"Halifax County Schools","public",99,0.0398711236407572,"white"
"Halifax County Schools","public",4,0.00161095449053564,"asian"
"Halifax County Schools","public",316,0.127265404752316,"other"
"Haliwa-Saponi Tribal School","charter",17,0.126865671641791,"black"
"Haliwa-Saponi Tribal School","charter",9,0.0671641791044776,"white"
"Haliwa-Saponi Tribal School","charter",0,0,"asian"
"Haliwa-Saponi Tribal School","charter",108,0.805970149253731,"other"
"Harnett County Schools","public",5025,0.244942724835486,"black"
"Harnett County Schools","public",9610,0.468437728491348,"white"
"Harnett County Schools","public",140,0.00682427492078967,"asian"
"Harnett County Schools","public",5740,0.279795271752376,"other"
"Haywood County Schools","public",92,0.0127848804891606,"black"
"Haywood County Schools","public",6218,0.864091161756531,"white"
"Haywood County Schools","public",52,0.00722623679822123,"asian"
"Haywood County Schools","public",834,0.115897720956087,"other"
"Healthy Start Academy","charter",295,0.793010752688172,"black"
"Healthy Start Academy","charter",5,0.0134408602150538,"white"
"Healthy Start Academy","charter",0,0,"asian"
"Healthy Start Academy","charter",72,0.193548387096774,"other"
"Henderson Collegiate","charter",699,0.694141012909633,"black"
"Henderson Collegiate","charter",52,0.0516385302879841,"white"
"Henderson Collegiate","charter",13,0.012909632571996,"asian"
"Henderson Collegiate","charter",243,0.241310824230387,"other"
"Henderson County Schools","public",547,0.0404585798816568,"black"
"Henderson County Schools","public",8845,0.654215976331361,"white"
"Henderson County Schools","public",190,0.0140532544378698,"asian"
"Henderson County Schools","public",3938,0.291272189349112,"other"
"Heritage Collegiate Leadership Academy","charter",154,0.83695652173913,"black"
"Heritage Collegiate Leadership Academy","charter",20,0.108695652173913,"white"
"Heritage Collegiate Leadership Academy","charter",0,0,"asian"
"Heritage Collegiate Leadership Academy","charter",10,0.0543478260869565,"other"
"Hertford County Schools","public",2190,0.781305743845879,"black"
"Hertford County Schools","public",385,0.137352836246878,"white"
"Hertford County Schools","public",30,0.0107028184088477,"asian"
"Hertford County Schools","public",198,0.0706386014983946,"other"
"Hickory City Schools","public",872,0.20971620971621,"black"
"Hickory City Schools","public",1721,0.413900913900914,"white"
"Hickory City Schools","public",175,0.0420875420875421,"asian"
"Hickory City Schools","public",1390,0.334295334295334,"other"
"Hoke County Schools","public",3013,0.346600713217531,"black"
"Hoke County Schools","public",2262,0.260209363855976,"white"
"Hoke County Schools","public",80,0.00920280685609111,"asian"
"Hoke County Schools","public",3338,0.383987116070401,"other"
"Hope Charter Leadership Academy","charter",116,0.950819672131147,"black"
"Hope Charter Leadership Academy","charter",0,0,"white"
"Hope Charter Leadership Academy","charter",1,0.00819672131147541,"asian"
"Hope Charter Leadership Academy","charter",5,0.040983606557377,"other"
"Hyde County Schools","public",124,0.212328767123288,"black"
"Hyde County Schools","public",325,0.556506849315068,"white"
"Hyde County Schools","public",0,0,"asian"
"Hyde County Schools","public",135,0.231164383561644,"other"
"Ignite Innovation Academy Pitt","charter",151,0.583011583011583,"black"
"Ignite Innovation Academy Pitt","charter",68,0.262548262548263,"white"
"Ignite Innovation Academy Pitt","charter",0,0,"asian"
"Ignite Innovation Academy Pitt","charter",40,0.154440154440154,"other"
"Invest Collegiate","charter",442,0.864970645792564,"black"
"Invest Collegiate","charter",21,0.0410958904109589,"white"
"Invest Collegiate","charter",0,0,"asian"
"Invest Collegiate","charter",48,0.0939334637964775,"other"
"Invest Collegiate - Imagine","charter",22,0.0253164556962025,"black"
"Invest Collegiate - Imagine","charter",733,0.843498273878021,"white"
"Invest Collegiate - Imagine","charter",19,0.0218642117376295,"asian"
"Invest Collegiate - Imagine","charter",95,0.109321058688147,"other"
"Iredell Charter Academy","charter",54,0.104854368932039,"black"
"Iredell Charter Academy","charter",379,0.735922330097087,"white"
"Iredell Charter Academy","charter",3,0.0058252427184466,"asian"
"Iredell Charter Academy","charter",79,0.153398058252427,"other"
"Iredell-Statesville Schools","public",2911,0.142444705421805,"black"
"Iredell-Statesville Schools","public",13440,0.657662947739284,"white"
"Iredell-Statesville Schools","public",557,0.0272558230573498,"asian"
"Iredell-Statesville Schools","public",3528,0.172636523781562,"other"
"Island Montessori Charter","charter",0,0,"black"
"Island Montessori Charter","charter",185,0.902439024390244,"white"
"Island Montessori Charter","charter",4,0.0195121951219512,"asian"
"Island Montessori Charter","charter",16,0.0780487804878049,"other"
"Jackson County Schools","public",50,0.0135354629128316,"black"
"Jackson County Schools","public",2650,0.717379534380076,"white"
"Jackson County Schools","public",56,0.0151597184623714,"asian"
"Jackson County Schools","public",938,0.253925284244721,"other"
"Johnston County Schools","public",5824,0.161854208931996,"black"
"Johnston County Schools","public",19975,0.555123252647083,"white"
"Johnston County Schools","public",286,0.00794819776005336,"asian"
"Johnston County Schools","public",9898,0.275074340660868,"other"
"Jones County Schools","public",397,0.368274582560297,"black"
"Jones County Schools","public",527,0.48886827458256,"white"
"Jones County Schools","public",1,0.000927643784786642,"asian"
"Jones County Schools","public",153,0.141929499072356,"other"
"KIPP Durham College Preparatory","charter",127,0.481060606060606,"black"
"KIPP Durham College Preparatory","charter",0,0,"white"
"KIPP Durham College Preparatory","charter",1,0.00378787878787879,"asian"
"KIPP Durham College Preparatory","charter",136,0.515151515151515,"other"
"KIPP Halifax College Preparatory","charter",360,0.857142857142857,"black"
"KIPP Halifax College Preparatory","charter",24,0.0571428571428571,"white"
"KIPP Halifax College Preparatory","charter",3,0.00714285714285714,"asian"
"KIPP Halifax College Preparatory","charter",33,0.0785714285714286,"other"
"KIPP: Charlotte","charter",639,0.883817427385892,"black"
"KIPP: Charlotte","charter",4,0.00553250345781466,"white"
"KIPP: Charlotte","charter",3,0.004149377593361,"asian"
"KIPP: Charlotte","charter",77,0.106500691562932,"other"
"Kannapolis Charter Academy","charter",180,0.345489443378119,"black"
"Kannapolis Charter Academy","charter",214,0.410748560460653,"white"
"Kannapolis Charter Academy","charter",7,0.0134357005758157,"asian"
"Kannapolis Charter Academy","charter",120,0.230326295585413,"other"
"Kannapolis City Schools","public",1513,0.28338640194793,"black"
"Kannapolis City Schools","public",1755,0.328713242180184,"white"
"Kannapolis City Schools","public",66,0.0123618655178872,"asian"
"Kannapolis City Schools","public",2005,0.375538490353999,"other"
"Kestrel Heights School","charter",290,0.51056338028169,"black"
"Kestrel Heights School","charter",123,0.216549295774648,"white"
"Kestrel Heights School","charter",20,0.0352112676056338,"asian"
"Kestrel Heights School","charter",135,0.237676056338028,"other"
"Lake Lure Classical Academy","charter",9,0.01931330472103,"black"
"Lake Lure Classical Academy","charter",396,0.849785407725322,"white"
"Lake Lure Classical Academy","charter",8,0.0171673819742489,"asian"
"Lake Lure Classical Academy","charter",53,0.113733905579399,"other"
"Lake Norman Charter","charter",251,0.13162034609334,"black"
"Lake Norman Charter","charter",1333,0.699003670686943,"white"
"Lake Norman Charter","charter",125,0.0655479811221814,"asian"
"Lake Norman Charter","charter",198,0.103828002097535,"other"
"Langtree Charter Academy","charter",80,0.0496585971446307,"black"
"Langtree Charter Academy","charter",1145,0.710738671632526,"white"
"Langtree Charter Academy","charter",120,0.074487895716946,"asian"
"Langtree Charter Academy","charter",266,0.165114835505897,"other"
"Lee County Schools","public",2073,0.20817433219522,"black"
"Lee County Schools","public",3815,0.383109058043784,"white"
"Lee County Schools","public",74,0.00743121108656357,"asian"
"Lee County Schools","public",3996,0.401285398674433,"other"
"Lenoir County Schools","public",4009,0.465513237343242,"black"
"Lenoir County Schools","public",3073,0.356827682303762,"white"
"Lenoir County Schools","public",71,0.00824431026474686,"asian"
"Lenoir County Schools","public",1459,0.169414770088249,"other"
"Lexington City Schools","public",888,0.290290944753187,"black"
"Lexington City Schools","public",720,0.235371036286368,"white"
"Lexington City Schools","public",138,0.0451127819548872,"asian"
"Lexington City Schools","public",1313,0.429225237005557,"other"
"Lincoln Charter School","charter",73,0.0354713313896987,"black"
"Lincoln Charter School","charter",1694,0.82312925170068,"white"
"Lincoln Charter School","charter",26,0.0126336248785228,"asian"
"Lincoln Charter School","charter",265,0.128765792031098,"other"
"Lincoln County Schools","public",697,0.0615833186075278,"black"
"Lincoln County Schools","public",8769,0.774783530659127,"white"
"Lincoln County Schools","public",83,0.00733345113977735,"asian"
"Lincoln County Schools","public",1769,0.156299699593568,"other"
"Longleaf School of the Arts","charter",64,0.192192192192192,"black"
"Longleaf School of the Arts","charter",207,0.621621621621622,"white"
"Longleaf School of the Arts","charter",2,0.00600600600600601,"asian"
"Longleaf School of the Arts","charter",60,0.18018018018018,"other"
"Macon County Schools","public",27,0.00621976503109883,"black"
"Macon County Schools","public",3326,0.766182907164248,"white"
"Macon County Schools","public",37,0.00852338170928357,"asian"
"Macon County Schools","public",951,0.21907394609537,"other"
"Madison County Schools","public",5,0.00219010074463425,"black"
"Madison County Schools","public",2134,0.934734997809899,"white"
"Madison County Schools","public",10,0.00438020148926851,"asian"
"Madison County Schools","public",134,0.058694699956198,"other"
"Magellan Charter","charter",11,0.027027027027027,"black"
"Magellan Charter","charter",332,0.815724815724816,"white"
"Magellan Charter","charter",27,0.0663390663390663,"asian"
"Magellan Charter","charter",37,0.0909090909090909,"other"
"Mallard Creek STEM Academy","charter",294,0.455813953488372,"black"
"Mallard Creek STEM Academy","charter",149,0.231007751937985,"white"
"Mallard Creek STEM Academy","charter",92,0.142635658914729,"asian"
"Mallard Creek STEM Academy","charter",110,0.170542635658915,"other"
"Martin County Schools","public",1549,0.506871727748691,"black"
"Martin County Schools","public",1130,0.369764397905759,"white"
"Martin County Schools","public",24,0.00785340314136126,"asian"
"Martin County Schools","public",353,0.115510471204188,"other"
"Matthews-Mint Hill Charter Academy","charter",171,0.254464285714286,"black"
"Matthews-Mint Hill Charter Academy","charter",370,0.550595238095238,"white"
"Matthews-Mint Hill Charter Academy","charter",19,0.0282738095238095,"asian"
"Matthews-Mint Hill Charter Academy","charter",112,0.166666666666667,"other"
"Maureen Joy Charter","charter",252,0.38828967642527,"black"
"Maureen Joy Charter","charter",0,0,"white"
"Maureen Joy Charter","charter",2,0.00308166409861325,"asian"
"Maureen Joy Charter","charter",395,0.608628659476117,"other"
"McDowell County Schools","public",176,0.0290620871862616,"black"
"McDowell County Schools","public",4759,0.785832232496698,"white"
"McDowell County Schools","public",59,0.00974240422721268,"asian"
"McDowell County Schools","public",1062,0.175363276089828,"other"
"Metrolina Regional Scholars Academy","charter",8,0.0213333333333333,"black"
"Metrolina Regional Scholars Academy","charter",127,0.338666666666667,"white"
"Metrolina Regional Scholars Academy","charter",219,0.584,"asian"
"Metrolina Regional Scholars Academy","charter",21,0.056,"other"
"Millennium Charter Academy","charter",17,0.0202140309155767,"black"
"Millennium Charter Academy","charter",736,0.875148632580262,"white"
"Millennium Charter Academy","charter",10,0.0118906064209275,"asian"
"Millennium Charter Academy","charter",78,0.0927467300832342,"other"
"Mitchell County Schools","public",5,0.00269541778975741,"black"
"Mitchell County Schools","public",1595,0.859838274932615,"white"
"Mitchell County Schools","public",18,0.00970350404312668,"asian"
"Mitchell County Schools","public",237,0.127762803234501,"other"
"Montgomery County Schools","public",764,0.195446405730366,"black"
"Montgomery County Schools","public",1598,0.408800204655922,"white"
"Montgomery County Schools","public",65,0.0166282936812484,"asian"
"Montgomery County Schools","public",1482,0.379125095932464,"other"
"Moore County Schools","public",2014,0.159360658332015,"black"
"Moore County Schools","public",8110,0.641715461307169,"white"
"Moore County Schools","public",133,0.0105238170596613,"asian"
"Moore County Schools","public",2381,0.188400063301155,"other"
"Mooresville City Schools","public",896,0.149682592716338,"black"
"Mooresville City Schools","public",3965,0.662378884062813,"white"
"Mooresville City Schools","public",112,0.0187103240895423,"asian"
"Mooresville City Schools","public",1013,0.169228199131306,"other"
"Mount Airy City Schools","public",142,0.0886945658963148,"black"
"Mount Airy City Schools","public",1046,0.653341661461586,"white"
"Mount Airy City Schools","public",19,0.0118675827607745,"asian"
"Mount Airy City Schools","public",394,0.246096189881324,"other"
"Mountain Discovery Charter School","charter",2,0.0111111111111111,"black"
"Mountain Discovery Charter School","charter",156,0.866666666666667,"white"
"Mountain Discovery Charter School","charter",1,0.00555555555555556,"asian"
"Mountain Discovery Charter School","charter",21,0.116666666666667,"other"
"Mountain Island Charter","charter",339,0.240255138199858,"black"
"Mountain Island Charter","charter",899,0.637136782423813,"white"
"Mountain Island Charter","charter",25,0.0177179305457123,"asian"
"Mountain Island Charter","charter",148,0.104890148830617,"other"
"Movement Charter School","charter",267,0.898989898989899,"black"
"Movement Charter School","charter",10,0.0336700336700337,"white"
"Movement Charter School","charter",6,0.0202020202020202,"asian"
"Movement Charter School","charter",14,0.0471380471380471,"other"
"NC Connections Academy","charter",393,0.193500738552437,"black"
"NC Connections Academy","charter",1147,0.564746430329887,"white"
"NC Connections Academy","charter",45,0.0221565731166913,"asian"
"NC Connections Academy","charter",446,0.219596258000985,"other"
"NC Virtual Academy","charter",436,0.210831721470019,"black"
"NC Virtual Academy","charter",1229,0.594294003868472,"white"
"NC Virtual Academy","charter",19,0.00918762088974855,"asian"
"NC Virtual Academy","charter",384,0.18568665377176,"other"
"NCDPS Juvenile Education
Services","charter",59,0.766233766233766,"black"
"NCDPS Juvenile Education
Services","charter",9,0.116883116883117,"white"
"NCDPS Juvenile Education
Services","charter",0,0,"asian"
"NCDPS Juvenile Education
Services","charter",9,0.116883116883117,"other"
"Nash-Rocky Mount Schools","public",7871,0.521914992374511,"black"
"Nash-Rocky Mount Schools","public",4613,0.305881572839997,"white"
"Nash-Rocky Mount Schools","public",130,0.0086201180293084,"asian"
"Nash-Rocky Mount Schools","public",2467,0.163583316756183,"other"
"Neuse Charter School","charter",124,0.132620320855615,"black"
"Neuse Charter School","charter",635,0.679144385026738,"white"
"Neuse Charter School","charter",5,0.0053475935828877,"asian"
"Neuse Charter School","charter",171,0.182887700534759,"other"
"New Hanover County Schools","public",5017,0.191393583336512,"black"
"New Hanover County Schools","public",15946,0.608324113989242,"white"
"New Hanover County Schools","public",468,0.0178537366955328,"asian"
"New Hanover County Schools","public",4782,0.182428565978713,"other"
"Newton-Conover City
Schools","public",383,0.126905235255136,"black"
"Newton-Conover City
Schools","public",1412,0.467859509609013,"white"
"Newton-Conover City
Schools","public",170,0.0563286944996687,"asian"
"Newton-Conover City
Schools","public",1053,0.348906560636183,"other"
"North East Carolina Preparatory School","charter",354,0.39202657807309,"black"
"North East Carolina Preparatory School","charter",426,0.471760797342193,"white"
"North East Carolina Preparatory School","charter",5,0.00553709856035437,"asian"
"North East Carolina Preparatory School","charter",118,0.130675526024363,"other"
"Northampton County Schools","public",1352,0.823386114494519,"black"
"Northampton County Schools","public",169,0.102923264311815,"white"
"Northampton County Schools","public",9,0.00548112058465286,"asian"
"Northampton County Schools","public",112,0.0682095006090134,"other"
"Northeast Academy of Aerospace & AdvTech","charter",59,0.168091168091168,"black"
"Northeast Academy of Aerospace & AdvTech","charter",248,0.706552706552707,"white"
"Northeast Academy of Aerospace & AdvTech","charter",0,0,"asian"
"Northeast Academy of Aerospace & AdvTech","charter",44,0.125356125356125,"other"
"Northeast Regional School -
Biotech//Agriscience","charter",39,0.168103448275862,"black"
"Northeast Regional School -
Biotech//Agriscience","charter",154,0.663793103448276,"white"
"Northeast Regional School -
Biotech//Agriscience","charter",1,0.00431034482758621,"asian"
"Northeast Regional School -
Biotech//Agriscience","charter",38,0.163793103448276,"other"
"Onslow County Schools","public",4961,0.18735601797651,"black"
"Onslow County Schools","public",14870,0.561577098833038,"white"
"Onslow County Schools","public",316,0.0119339854224102,"asian"
"Onslow County Schools","public",6332,0.239132897768043,"other"
"Orange Charter","charter",20,0.0376647834274953,"black"
"Orange Charter","charter",448,0.843691148775895,"white"
"Orange Charter","charter",2,0.00376647834274953,"asian"
"Orange Charter","charter",61,0.114877589453861,"other"
"Orange County Schools","public",1039,0.141959284055199,"black"
"Orange County Schools","public",4104,0.560732340483673,"white"
"Orange County Schools","public",91,0.0124333925399645,"asian"
"Orange County Schools","public",2085,0.284874982921164,"other"
"Oxford Preparatory High School","charter",39,0.100515463917526,"black"
"Oxford Preparatory High School","charter",320,0.824742268041237,"white"
"Oxford Preparatory High School","charter",3,0.0077319587628866,"asian"
"Oxford Preparatory High School","charter",26,0.0670103092783505,"other"
"PAVE Southeast Raleigh Charter School","charter",203,0.638364779874214,"black"
"PAVE Southeast Raleigh Charter School","charter",15,0.0471698113207547,"white"
"PAVE Southeast Raleigh Charter School","charter",2,0.00628930817610063,"asian"
"PAVE Southeast Raleigh Charter School","charter",98,0.308176100628931,"other"
"Pamlico County Schools","public",266,0.21486268174475,"black"
"Pamlico County Schools","public",770,0.621970920840065,"white"
"Pamlico County Schools","public",9,0.00726978998384491,"asian"
"Pamlico County Schools","public",193,0.155896607431341,"other"
"Pasquotank County Schools","public",2483,0.448518786127168,"black"
"Pasquotank County Schools","public",2262,0.408598265895954,"white"
"Pasquotank County Schools","public",48,0.00867052023121387,"asian"
"Pasquotank County Schools","public",743,0.134212427745665,"other"
"Paul R Brown Leadership
Academy","charter",117,0.65,"black"
"Paul R Brown Leadership
Academy","charter",33,0.183333333333333,"white"
"Paul R Brown Leadership
Academy","charter",0,0,"asian"
"Paul R Brown Leadership
Academy","charter",30,0.166666666666667,"other"
"Peak Charter Academy","charter",61,0.101666666666667,"black"
"Peak Charter Academy","charter",342,0.57,"white"
"Peak Charter Academy","charter",131,0.218333333333333,"asian"
"Peak Charter Academy","charter",66,0.11,"other"
"Pender County Schools","public",1300,0.140570934256055,"black"
"Pender County Schools","public",6179,0.66814446366782,"white"
"Pender County Schools","public",49,0.00529844290657439,"asian"
"Pender County Schools","public",1720,0.18598615916955,"other"
"Perquimans County Schools","public",431,0.269543464665416,"black"
"Perquimans County Schools","public",1050,0.656660412757974,"white"
"Perquimans County Schools","public",2,0.00125078173858662,"asian"
"Perquimans County Schools","public",116,0.0725453408380238,"other"
"Person County Schools","public",1549,0.349188458070334,"black"
"Person County Schools","public",2206,0.497294860234445,"white"
"Person County Schools","public",16,0.0036068530207394,"asian"
"Person County Schools","public",665,0.149909828674482,"other"
"Phoenix Academy Inc","charter",261,0.273012552301255,"black"
"Phoenix Academy Inc","charter",461,0.482217573221757,"white"
"Phoenix Academy Inc","charter",81,0.0847280334728033,"asian"
"Phoenix Academy Inc","charter",153,0.160041841004184,"other"
"Piedmont Classical High School","charter",153,0.37046004842615,"black"
"Piedmont Classical High School","charter",189,0.457627118644068,"white"
"Piedmont Classical High School","charter",5,0.0121065375302663,"asian"
"Piedmont Classical High School","charter",66,0.159806295399516,"other"
"Piedmont Community Charter","charter",224,0.169568508705526,"black"
"Piedmont Community Charter","charter",846,0.640423921271764,"white"
"Piedmont Community Charter","charter",25,0.0189250567751703,"asian"
"Piedmont Community Charter","charter",226,0.17108251324754,"other"
"Pine Lake Preparatory","charter",37,0.0198711063372718,"black"
"Pine Lake Preparatory","charter",1620,0.870032223415682,"white"
"Pine Lake Preparatory","charter",81,0.0435016111707841,"asian"
"Pine Lake Preparatory","charter",124,0.0665950590762621,"other"
"Pine Springs Preparatory Academy: CFA","charter",19,0.037328094302554,"black"
"Pine Springs Preparatory Academy: CFA","charter",389,0.764243614931238,"white"
"Pine Springs Preparatory Academy: CFA","charter",20,0.0392927308447937,"asian"
"Pine Springs Preparatory Academy: CFA","charter",81,0.159135559921415,"other"
"Pinnacle Classical Academy","charter",81,0.110354223433243,"black"
"Pinnacle Classical Academy","charter",565,0.769754768392371,"white"
"Pinnacle Classical Academy","charter",8,0.0108991825613079,"asian"
"Pinnacle Classical Academy","charter",80,0.108991825613079,"other"
"Pioneer Springs Community School","charter",10,0.0355871886120996,"black"
"Pioneer Springs Community School","charter",224,0.797153024911032,"white"
"Pioneer Springs Community School","charter",3,0.0106761565836299,"asian"
"Pioneer Springs Community School","charter",44,0.156583629893238,"other"
"Pitt County Schools","public",10944,0.466297400937367,"black"
"Pitt County Schools","public",8421,0.358798466126971,"white"
"Pitt County Schools","public",361,0.0153813378781423,"asian"
"Pitt County Schools","public",3744,0.15952279505752,"other"
"Polk County Schools","public",110,0.0524059075750357,"black"
"Polk County Schools","public",1620,0.771796093377799,"white"
"Polk County Schools","public",6,0.0028585040495474,"asian"
"Polk County Schools","public",363,0.172939494997618,"other"
"PreEminent Charter School","charter",429,0.723440134907251,"black"
"PreEminent Charter School","charter",14,0.0236087689713322,"white"
"PreEminent Charter School","charter",9,0.015177065767285,"asian"
"PreEminent Charter School","charter",141,0.237774030354132,"other"
"Quality Education Academy","charter",402,0.737614678899083,"black"
"Quality Education Academy","charter",0,0,"white"
"Quality Education Academy","charter",0,0,"asian"
"Quality Education Academy","charter",143,0.262385321100917,"other"
"Queen City STEM School","charter",204,0.390804597701149,"black"
"Queen City STEM School","charter",47,0.0900383141762452,"white"
"Queen City STEM School","charter",192,0.367816091954023,"asian"
"Queen City STEM School","charter",79,0.151340996168582,"other"
"Queens Grant Community School","charter",297,0.233124018838305,"black"
"Queens Grant Community School","charter",785,0.616169544740973,"white"
"Queens Grant Community School","charter",26,0.0204081632653061,"asian"
"Queens Grant Community School","charter",166,0.130298273155416,"other"
"Quest Academy","charter",5,0.0354609929078014,"black"
"Quest Academy","charter",114,0.808510638297872,"white"
"Quest Academy","charter",6,0.0425531914893617,"asian"
"Quest Academy","charter",16,0.113475177304965,"other"
"Raleigh Charter High School","charter",26,0.0460992907801418,"black"
"Raleigh Charter High School","charter",358,0.634751773049645,"white"
"Raleigh Charter High School","charter",130,0.230496453900709,"asian"
"Raleigh Charter High School","charter",50,0.0886524822695035,"other"
"Randolph County Schools","public",622,0.0372745250794031,"black"
"Randolph County Schools","public",12041,0.721579672799185,"white"
"Randolph County Schools","public",268,0.0160604063043087,"asian"
"Randolph County Schools","public",3756,0.225085395817103,"other"
"Reaching All Minds Academy","charter",110,0.401459854014599,"black"
"Reaching All Minds Academy","charter",0,0,"white"
"Reaching All Minds Academy","charter",0,0,"asian"
"Reaching All Minds Academy","charter",164,0.598540145985402,"other"
"Research Triangle Charter","charter",499,0.710826210826211,"black"
"Research Triangle Charter","charter",30,0.0427350427350427,"white"
"Research Triangle Charter","charter",13,0.0185185185185185,"asian"
"Research Triangle Charter","charter",160,0.227920227920228,"other"
"Research Triangle High School","charter",94,0.181467181467181,"black"
"Research Triangle High School","charter",280,0.540540540540541,"white"
"Research Triangle High School","charter",70,0.135135135135135,"asian"
"Research Triangle High School","charter",74,0.142857142857143,"other"
"Richmond County Schools","public",2544,0.353284266074156,"black"
"Richmond County Schools","public",3138,0.435772809332037,"white"
"Richmond County Schools","public",42,0.00583252326065824,"asian"
"Richmond County Schools","public",1477,0.205110401333148,"other"
"River Mill Academy","charter",106,0.133165829145729,"black"
"River Mill Academy","charter",577,0.724874371859296,"white"
"River Mill Academy","charter",13,0.0163316582914573,"asian"
"River Mill Academy","charter",100,0.125628140703518,"other"
"Roanoke Rapids City Schools","public",771,0.267894371091035,"black"
"Roanoke Rapids City Schools","public",1725,0.599374565670605,"white"
"Roanoke Rapids City Schools","public",54,0.0187630298818624,"asian"
"Roanoke Rapids City Schools","public",328,0.113968033356498,"other"
"Robeson County Schools","public",5299,0.236520264238529,"black"
"Robeson County Schools","public",2865,0.127878950187467,"white"
"Robeson County Schools","public",123,0.00549009105516872,"asian"
"Robeson County Schools","public",14117,0.630110694518836,"other"
"Rockingham County Schools","public",2353,0.194446739938848,"black"
"Rockingham County Schools","public",7273,0.60102470870176,"white"
"Rockingham County Schools","public",66,0.00545409470291711,"asian"
"Rockingham County Schools","public",2409,0.199074456656475,"other"
"Rocky Mount Preparatory","charter",948,0.754777070063694,"black"
"Rocky Mount Preparatory","charter",166,0.132165605095541,"white"
"Rocky Mount Preparatory","charter",3,0.00238853503184713,"asian"
"Rocky Mount Preparatory","charter",139,0.110668789808917,"other"
"Rowan-Salisbury County Schools","public",3555,0.185697868783953,"black"
"Rowan-Salisbury County Schools","public",11140,0.581905557877142,"white"
"Rowan-Salisbury County Schools","public",205,0.0107083159214375,"asian"
"Rowan-Salisbury County Schools","public",4244,0.221688257417468,"other"
"Roxboro Community School","charter",63,0.0882352941176471,"black"
"Roxboro Community School","charter",589,0.824929971988795,"white"
"Roxboro Community School","charter",0,0,"asian"
"Roxboro Community School","charter",62,0.0868347338935574,"other"
"Rutherford County Schools","public",980,0.121527777777778,"black"
"Rutherford County Schools","public",5836,0.723710317460317,"white"
"Rutherford County Schools","public",36,0.00446428571428571,"asian"
"Rutherford County Schools","public",1212,0.150297619047619,"other"
"Sallie B Howard School","charter",582,0.577380952380952,"black"
"Sallie B Howard School","charter",17,0.0168650793650794,"white"
"Sallie B Howard School","charter",6,0.00595238095238095,"asian"
"Sallie B Howard School","charter",403,0.399801587301587,"other"
"Sampson County Schools","public",1509,0.182290408311186,"black"
"Sampson County Schools","public",3176,0.383667552548925,"white"
"Sampson County Schools","public",18,0.00217443827011355,"asian"
"Sampson County Schools","public",3575,0.431867600869775,"other"
"Sandhills Theatre Arts Renaissance School","charter",45,0.0885826771653543,"black"
"Sandhills Theatre Arts Renaissance School","charter",369,0.726377952755906,"white"
"Sandhills Theatre Arts Renaissance School","charter",1,0.00196850393700787,"asian"
"Sandhills Theatre Arts Renaissance School","charter",93,0.183070866141732,"other"
"Scotland County Schools","public",2626,0.457252307156538,"black"
"Scotland County Schools","public",1696,0.295316036914505,"white"
"Scotland County Schools","public",48,0.00835800104475013,"asian"
"Scotland County Schools","public",1373,0.239073654884207,"other"
"Shining Rock Classical Academy: CFA","charter",4,0.0100250626566416,"black"
"Shining Rock Classical Academy: CFA","charter",363,0.909774436090226,"white"
"Shining Rock Classical Academy: CFA","charter",2,0.0050125313283208,"asian"
"Shining Rock Classical Academy: CFA","charter",30,0.075187969924812,"other"
"Socrates Academy","charter",42,0.0612244897959184,"black"
"Socrates Academy","charter",475,0.692419825072886,"white"
"Socrates Academy","charter",73,0.106413994169096,"asian"
"Socrates Academy","charter",96,0.139941690962099,"other"
"South Brunswick Charter School","charter",19,0.0536723163841808,"black"
"South Brunswick Charter School","charter",293,0.827683615819209,"white"
"South Brunswick Charter School","charter",0,0,"asian"
"South Brunswick Charter School","charter",42,0.11864406779661,"other"
"Southeastern Academy","charter",22,0.100917431192661,"black"
"Southeastern Academy","charter",157,0.720183486238532,"white"
"Southeastern Academy","charter",4,0.018348623853211,"asian"
"Southeastern Academy","charter",35,0.160550458715596,"other"
"Southern Wake Academy","charter",38,0.0627062706270627,"black"
"Southern Wake Academy","charter",498,0.821782178217822,"white"
"Southern Wake Academy","charter",14,0.0231023102310231,"asian"
"Southern Wake Academy","charter",56,0.0924092409240924,"other"
"Stanly County Schools","public",1140,0.137664533268929,"black"
"Stanly County Schools","public",5708,0.689288733244777,"white"
"Stanly County Schools","public",273,0.032967032967033,"asian"
"Stanly County Schools","public",1160,0.140079700519261,"other"
"Sterling Montessori Academy","charter",54,0.0886699507389163,"black"
"Sterling Montessori Academy","charter",295,0.48440065681445,"white"
"Sterling Montessori Academy","charter",211,0.346469622331691,"asian"
"Sterling Montessori Academy","charter",49,0.0804597701149425,"other"
"Stewart Creek High School","charter",112,0.741721854304636,"black"
"Stewart Creek High School","charter",7,0.0463576158940397,"white"
"Stewart Creek High School","charter",1,0.00662251655629139,"asian"
"Stewart Creek High School","charter",31,0.205298013245033,"other"
"Stokes County Schools","public",163,0.0275337837837838,"black"
"Stokes County Schools","public",5244,0.885810810810811,"white"
"Stokes County Schools","public",17,0.00287162162162162,"asian"
"Stokes County Schools","public",496,0.0837837837837838,"other"
"Success Charter School","charter",83,0.89247311827957,"black"
"Success Charter School","charter",4,0.043010752688172,"white"
"Success Charter School","charter",0,0,"asian"
"Success Charter School","charter",6,0.0645161290322581,"other"
"Sugar Creek Charter","charter",1446,0.899813316739266,"black"
"Sugar Creek Charter","charter",2,0.00124455507156192,"white"
"Sugar Creek Charter","charter",3,0.00186683260734287,"asian"
"Sugar Creek Charter","charter",156,0.0970752955818295,"other"
"Summerfield Charter Academy","charter",83,0.108781127129751,"black"
"Summerfield Charter Academy","charter",517,0.677588466579292,"white"
"Summerfield Charter Academy","charter",97,0.127129750982962,"asian"
"Summerfield Charter Academy","charter",66,0.0865006553079948,"other"
"Summit Charter","charter",1,0.00413223140495868,"black"
"Summit Charter","charter",199,0.822314049586777,"white"
"Summit Charter","charter",0,0,"asian"
"Summit Charter","charter",42,0.173553719008264,"other"
"Surry County Schools","public",190,0.0241177963950241,"black"
"Surry County Schools","public",5539,0.703097232800203,"white"
"Surry County Schools","public",31,0.00393500888550394,"asian"
"Surry County Schools","public",2118,0.268849961919269,"other"
"Swain County Schools","public",15,0.00762970498474059,"black"
"Swain County Schools","public",1284,0.653102746693795,"white"
"Swain County Schools","public",14,0.00712105798575788,"asian"
"Swain County Schools","public",653,0.332146490335707,"other"
"The Academy of Moore County","charter",33,0.0956521739130435,"black"
"The Academy of Moore County","charter",251,0.727536231884058,"white"
"The Academy of Moore County","charter",4,0.0115942028985507,"asian"
"The Academy of Moore County","charter",57,0.165217391304348,"other"
"The Capitol Encore Academy","charter",150,0.334075723830735,"black"
"The Capitol Encore Academy","charter",181,0.403118040089087,"white"
"The Capitol Encore Academy","charter",2,0.0044543429844098,"asian"
"The Capitol Encore Academy","charter",116,0.258351893095768,"other"
"The College Preparatory and Leadership Academy","charter",537,0.866129032258064,"black"
"The College Preparatory and Leadership Academy","charter",5,0.00806451612903226,"white"
"The College Preparatory and Leadership Academy","charter",1,0.00161290322580645,"asian"
"The College Preparatory and Leadership Academy","charter",77,0.124193548387097,"other"
"The Expedition School","charter",5,0.0148809523809524,"black"
"The Expedition School","charter",282,0.839285714285714,"white"
"The Expedition School","charter",5,0.0148809523809524,"asian"
"The Expedition School","charter",44,0.130952380952381,"other"
"The Exploris School","charter",29,0.0688836104513064,"black"
"The Exploris School","charter",341,0.809976247030879,"white"
"The Exploris School","charter",14,0.0332541567695962,"asian"
"The Exploris School","charter",37,0.0878859857482185,"other"
"The Franklin School of Innovation","charter",10,0.0207900207900208,"black"
"The Franklin School of Innovation","charter",401,0.833679833679834,"white"
"The Franklin School of Innovation","charter",8,0.0166320166320166,"asian"
"The Franklin School of Innovation","charter",62,0.128898128898129,"other"
"The Hawbridge School","charter",11,0.0348101265822785,"black"
"The Hawbridge School","charter",267,0.844936708860759,"white"
"The Hawbridge School","charter",5,0.0158227848101266,"asian"
"The Hawbridge School","charter",33,0.104430379746835,"other"
"The Institute for the Development of Young Leaders","charter",211,0.712837837837838,"black"
"The Institute for the Development of Young Leaders","charter",5,0.0168918918918919,"white"
"The Institute for the Development of Young Leaders","charter",4,0.0135135135135135,"asian"
"The Institute for the Development of Young Leaders","charter",76,0.256756756756757,"other"
"The Learning Center","charter",8,0.0423280423280423,"black"
"The Learning Center","charter",168,0.888888888888889,"white"
"The Learning Center","charter",0,0,"asian"
"The Learning Center","charter",13,0.0687830687830688,"other"
"The Mountain Community School","charter",4,0.02,"black"
"The Mountain Community School","charter",175,0.875,"white"
"The Mountain Community School","charter",0,0,"asian"
"The Mountain Community School","charter",21,0.105,"other"
"The New Dimensions School","charter",14,0.049645390070922,"black"
"The New Dimensions School","charter",238,0.843971631205674,"white"
"The New Dimensions School","charter",2,0.00709219858156028,"asian"
"The New Dimensions School","charter",28,0.099290780141844,"other"
"The North Carolina Leadership Academy","charter",29,0.0377604166666667,"black"
"The North Carolina Leadership Academy","charter",646,0.841145833333333,"white"
"The North Carolina Leadership Academy","charter",14,0.0182291666666667,"asian"
"The North Carolina Leadership Academy","charter",79,0.102864583333333,"other"
"Thomas Jefferson Classical Academy","charter",76,0.0587780355761794,"black"
"Thomas Jefferson Classical Academy","charter",1029,0.795823665893271,"white"
"Thomas Jefferson Classical Academy","charter",29,0.0224284609435422,"asian"
"Thomas Jefferson Classical Academy","charter",159,0.122969837587007,"other"
"Thomasville City Schools","public",838,0.366258741258741,"black"
"Thomasville City Schools","public",484,0.211538461538462,"white"
"Thomasville City Schools","public",18,0.00786713286713287,"asian"
"Thomasville City Schools","public",948,0.414335664335664,"other"
"Thunderbird Preparatory School","charter",38,0.304,"black"
"Thunderbird Preparatory School","charter",50,0.4,"white"
"Thunderbird Preparatory School","charter",5,0.04,"asian"
"Thunderbird Preparatory School","charter",32,0.256,"other"
"Tiller School","charter",3,0.0145631067961165,"black"
"Tiller School","charter",174,0.844660194174757,"white"
"Tiller School","charter",3,0.0145631067961165,"asian"
"Tiller School","charter",26,0.12621359223301,"other"
"Torchlight Academy","charter",320,0.601503759398496,"black"
"Torchlight Academy","charter",1,0.0018796992481203,"white"
"Torchlight Academy","charter",0,0,"asian"
"Torchlight Academy","charter",211,0.396616541353383,"other"
"Transylvania County Schools","public",155,0.0455212922173275,"black"
"Transylvania County Schools","public",2753,0.808516886930984,"white"
"Transylvania County Schools","public",21,0.00616740088105727,"asian"
"Transylvania County Schools","public",476,0.139794419970631,"other"
"Triad Math and Science Academy","charter",747,0.600965406275141,"black"
"Triad Math and Science Academy","charter",172,0.138374899436846,"white"
"Triad Math and Science Academy","charter",54,0.0434432823813355,"asian"
"Triad Math and Science Academy","charter",270,0.217216411906677,"other"
"Triangle Math and Science Academy","charter",151,0.173963133640553,"black"
"Triangle Math and Science Academy","charter",295,0.339861751152074,"white"
"Triangle Math and Science Academy","charter",311,0.358294930875576,"asian"
"Triangle Math and Science Academy","charter",111,0.127880184331797,"other"
"Two Rivers Community School","charter",2,0.0113636363636364,"black"
"Two Rivers Community School","charter",164,0.931818181818182,"white"
"Two Rivers Community School","charter",0,0,"asian"
"Two Rivers Community School","charter",10,0.0568181818181818,"other"
"Tyrrell County Schools","public",194,0.323873121869783,"black"
"Tyrrell County Schools","public",225,0.375626043405676,"white"
"Tyrrell County Schools","public",16,0.0267111853088481,"asian"
"Tyrrell County Schools","public",164,0.273789649415693,"other"
"Union Academy Charter School","charter",130,0.0760233918128655,"black"
"Union Academy Charter School","charter",1270,0.742690058479532,"white"
"Union Academy Charter School","charter",37,0.0216374269005848,"asian"
"Union Academy Charter School","charter",273,0.159649122807018,"other"
"Union County Schools","public",5162,0.124963687421323,"black"
"Union County Schools","public",25691,0.621937639198218,"white"
"Union County Schools","public",1666,0.0403311707175366,"asian"
"Union County Schools","public",8789,0.212767502662922,"other"
"Union Day School","charter",28,0.0665083135391924,"black"
"Union Day School","charter",285,0.676959619952494,"white"
"Union Day School","charter",64,0.152019002375297,"asian"
"Union Day School","charter",44,0.104513064133017,"other"
"Union Preparatory Academy at Indian Trail","charter",184,0.223300970873786,"black"
"Union Preparatory Academy at Indian Trail","charter",420,0.509708737864078,"white"
"Union Preparatory Academy at Indian Trail","charter",16,0.0194174757281553,"asian"
"Union Preparatory Academy at Indian Trail","charter",204,0.247572815533981,"other"
"United Community School","charter",90,0.418604651162791,"black"
"United Community School","charter",83,0.386046511627907,"white"
"United Community School","charter",1,0.00465116279069767,"asian"
"United Community School","charter",41,0.190697674418605,"other"
"Unity Classical Charter School","charter",38,0.358490566037736,"black"
"Unity Classical Charter School","charter",36,0.339622641509434,"white"
"Unity Classical Charter School","charter",5,0.0471698113207547,"asian"
"Unity Classical Charter School","charter",27,0.254716981132075,"other"
"UpROAR Leadership Academy","charter",161,0.889502762430939,"black"
"UpROAR Leadership Academy","charter",2,0.0110497237569061,"white"
"UpROAR Leadership Academy","charter",0,0,"asian"
"UpROAR Leadership Academy","charter",18,0.0994475138121547,"other"
"Uwharrie Charter Academy","charter",45,0.0441176470588235,"black"
"Uwharrie Charter Academy","charter",896,0.87843137254902,"white"
"Uwharrie Charter Academy","charter",8,0.00784313725490196,"asian"
"Uwharrie Charter Academy","charter",71,0.0696078431372549,"other"
"VERITAS Community School","charter",81,0.455056179775281,"black"
"VERITAS Community School","charter",51,0.286516853932584,"white"
"VERITAS Community School","charter",2,0.0112359550561798,"asian"
"VERITAS Community School","charter",44,0.247191011235955,"other"
"Vance Charter School","charter",69,0.0945205479452055,"black"
"Vance Charter School","charter",598,0.819178082191781,"white"
"Vance Charter School","charter",19,0.026027397260274,"asian"
"Vance Charter School","charter",44,0.0602739726027397,"other"
"Vance County Schools","public",3830,0.647615826851539,"black"
"Vance County Schools","public",1002,0.169428474805546,"white"
"Vance County Schools","public",66,0.0111599594183294,"asian"
"Vance County Schools","public",1016,0.171795738924586,"other"
"Voyager Academy","charter",317,0.235163204747774,"black"
"Voyager Academy","charter",830,0.615727002967359,"white"
"Voyager Academy","charter",49,0.0363501483679525,"asian"
"Voyager Academy","charter",152,0.112759643916914,"other"
"Wake County Schools","public",36765,0.22964489834161,"black"
"Wake County Schools","public",74241,0.463730909772323,"white"
"Wake County Schools","public",14160,0.0884474843061932,"asian"
"Wake County Schools","public",34929,0.218176707579874,"other"
"Wake Forest Charter Academy","charter",85,0.111989459815547,"black"
"Wake Forest Charter Academy","charter",558,0.735177865612648,"white"
"Wake Forest Charter Academy","charter",35,0.0461133069828722,"asian"
"Wake Forest Charter Academy","charter",81,0.106719367588933,"other"
"Warren County Schools","public",1333,0.657946692991116,"black"
"Warren County Schools","public",310,0.153010858835143,"white"
"Warren County Schools","public",6,0.00296150049358342,"asian"
"Warren County Schools","public",377,0.186080947680158,"other"
"Washington County Schools","public",1047,0.734736842105263,"black"
"Washington County Schools","public",215,0.150877192982456,"white"
"Washington County Schools","public",8,0.0056140350877193,"asian"
"Washington County Schools","public",155,0.108771929824561,"other"
"Washington Montessori","charter",17,0.0416666666666667,"black"
"Washington Montessori","charter",352,0.862745098039216,"white"
"Washington Montessori","charter",5,0.0122549019607843,"asian"
"Washington Montessori","charter",34,0.0833333333333333,"other"
"Watauga County Schools","public",55,0.0121412803532009,"black"
"Watauga County Schools","public",3850,0.849889624724062,"white"
"Watauga County Schools","public",66,0.0145695364238411,"asian"
"Watauga County Schools","public",559,0.123399558498896,"other"
"Water's Edge Village School","charter",2,0.0588235294117647,"black"
"Water's Edge Village School","charter",27,0.794117647058823,"white"
"Water's Edge Village School","charter",1,0.0294117647058824,"asian"
"Water's Edge Village School","charter",4,0.117647058823529,"other"
"Wayne County Schools","public",6537,0.353160453808752,"black"
"Wayne County Schools","public",6786,0.366612641815235,"white"
"Wayne County Schools","public",231,0.0124797406807131,"asian"
"Wayne County Schools","public",4956,0.2677471636953,"other"
"Wayne Preparatory","charter",132,0.23826714801444,"black"
"Wayne Preparatory","charter",335,0.604693140794224,"white"
"Wayne Preparatory","charter",4,0.0072202166064982,"asian"
"Wayne Preparatory","charter",83,0.149819494584838,"other"
"Weldon City Schools","public",803,0.932636469221835,"black"
"Weldon City Schools","public",26,0.0301974448315912,"white"
"Weldon City Schools","public",1,0.00116144018583043,"asian"
"Weldon City Schools","public",31,0.0360046457607433,"other"
"Whiteville City Schools","public",969,0.432589285714286,"black"
"Whiteville City Schools","public",878,0.391964285714286,"white"
"Whiteville City Schools","public",8,0.00357142857142857,"asian"
"Whiteville City Schools","public",385,0.171875,"other"
"Wilkes County Schools","public",358,0.0380729554397533,"black"
"Wilkes County Schools","public",7200,0.765713070296714,"white"
"Wilkes County Schools","public",45,0.00478570668935446,"asian"
"Wilkes County Schools","public",1800,0.191428267574178,"other"
"Williams Academy (fka Crossnore)","charter",8,0.0655737704918033,"black"
"Williams Academy (fka Crossnore)","charter",101,0.827868852459016,"white"
"Williams Academy (fka Crossnore)","charter",0,0,"asian"
"Williams Academy (fka Crossnore)","charter",13,0.10655737704918,"other"
"Willow Oak Montessori","charter",4,0.0191387559808612,"black"
"Willow Oak Montessori","charter",167,0.799043062200957,"white"
"Willow Oak Montessori","charter",6,0.0287081339712919,"asian"
"Willow Oak Montessori","charter",32,0.15311004784689,"other"
"Wilmington Preparatory Academy","charter",88,0.619718309859155,"black"
"Wilmington Preparatory Academy","charter",36,0.253521126760563,"white"
"Wilmington Preparatory Academy","charter",0,0,"asian"
"Wilmington Preparatory Academy","charter",18,0.126760563380282,"other"
"Wilson County Schools","public",5146,0.444963251188932,"black"
"Wilson County Schools","public",3573,0.308949416342412,"white"
"Wilson County Schools","public",146,0.0126242974492002,"asian"
"Wilson County Schools","public",2700,0.233463035019455,"other"
"Wilson Preparatory Academy","charter",265,0.380747126436782,"black"
"Wilson Preparatory Academy","charter",322,0.46264367816092,"white"
"Wilson Preparatory Academy","charter",14,0.0201149425287356,"asian"
"Wilson Preparatory Academy","charter",95,0.136494252873563,"other"
"Winterville Charter Academy","charter",302,0.504173622704507,"black"
"Winterville Charter Academy","charter",214,0.357262103505843,"white"
"Winterville Charter Academy","charter",17,0.0283806343906511,"asian"
"Winterville Charter Academy","charter",66,0.110183639398998,"other"
"Woods Charter School","charter",24,0.046875,"black"
"Woods Charter School","charter",421,0.822265625,"white"
"Woods Charter School","charter",13,0.025390625,"asian"
"Woods Charter School","charter",54,0.10546875,"other"
"Yadkin County Schools","public",165,0.0314825414997138,"black"
"Yadkin County Schools","public",3611,0.688990650639191,"white"
"Yadkin County Schools","public",14,0.00267124594543026,"asian"
"Yadkin County Schools","public",1451,0.276855561915665,"other"
"Yancey County Schools charter","charter",11,0.00499545867393279,"black"
"Yancey County Schools charter","charter",1840,0.835603996366939,"white"
"Yancey County Schools charter","charter",0,0,"asian"
"Yancey County Schools charter","charter",351,0.159400544959128,"other"
"Yancey County Schools public","public",11,0.00501367365542388,"black"
"Yancey County Schools public","public",1840,0.838650865998177,"white"
"Yancey County Schools public","public",0,0,"asian"
"Yancey County Schools public","public",343,0.156335460346399,"other"
"Youngsville Academy","charter",18,0.0676691729323308,"black"
"Youngsville Academy","charter",227,0.853383458646617,"white"
"Youngsville Academy","charter",1,0.0037593984962406,"asian"
"Youngsville Academy","charter",20,0.075187969924812,"other"
"Z.E.C.A. School of Arts and Technology","charter",115,0.680473372781065,"black"
"Z.E.C.A. School of Arts and Technology","charter",20,0.118343195266272,"white"
"Z.E.C.A. School of Arts and Technology","charter",0,0,"asian"
"Z.E.C.A. School of Arts and Technology","charter",34,0.201183431952663,"other"
